Pages les plus populaires,Clics,Impressions,CTR,Position
https://studioriad.com/,36,1650,2.18%,8.97
https://studioriad.com/tarifs/,10,117,8.55%,4.57
https://studioriad.com/contact/,6,106,5.66%,4.07
https://studioriad.com/a-propos/,6,83,7.23%,4.14
https://studioriad.com/blog/,3,50,6%,20.28
https://studioriad.com/portfolio/,3,47,6.38%,4.57
https://studioriad.com/portfolio-items/un-parc-unique-pour-des-photos-uniques-a-vitry-sur-seine/,2,73,2.74%,21.14
https://studioriad.com/photobooth/,1,136,0.74%,56.3
http://studioriad.com/,1,63,1.59%,14.49
https://studioriad.com/reservation/,1,46,2.17%,3.7
https://studioriad.com/cgu/,0,7,0%,7.29