Requêtes les plus fréquentes,Clics,Impressions,CTR,Position
studioriad,21,48,43.75%,1.58
photographe vitry sur seine,4,185,2.16%,1.75
studio photo vitry sur seine,1,25,4%,1.68
photographe vitry,1,21,4.76%,1.71
photographe,1,13,7.69%,3.54
photographe mariage,1,6,16.67%,4.17
photographe agréé ants autour de moi,1,2,50%,1
photographe mariage 94,0,113,0%,4.9
photobooth mariage paris,0,61,0%,55.16
photographe identité vitry sur seine,0,52,0%,2.13
photographe 94 mariage,0,28,0%,3.64
photographe événementiel 94,0,20,0%,15.45
photographe val-de-marne mariage,0,17,0%,12
photo d'identité vitry sur seine,0,15,0%,2
studio photo mariage paris,0,14,0%,48.93
photo vitry sur seine,0,13,0%,2.62
photographe mariage oriental paris,0,13,0%,51.38
studio photo mariage thoiry,0,13,0%,88.23
photographe vitry-sur-seine,0,11,0%,1.45
photo,0,11,0%,6.18
photographe mariage oriental ile de france,0,10,0%,58.2
photo booth location paris,0,9,0%,72.67
studio photo ile de france,0,9,0%,80.44
photobooth location paris,0,9,0%,86.78
photo identité vitry sur seine,0,8,0%,3
entreprise de retouche photo,0,8,0%,20.38
studio photo video mariage,0,8,0%,21.25
studio photo mariage,0,8,0%,37
photo d'identité,0,7,0%,2.57
studio photo,0,7,0%,3.86
photographe videaste mariage paris,0,7,0%,61.14
location photobooth paris,0,7,0%,85.71
photo d'identité autour de moi,0,6,0%,2.17
photobooth île de france,0,6,0%,20.33
louer photobooth paris,0,6,0%,75.5
photo et video mariage paris,0,6,0%,92.67
photographe à vitry-sur-seine,0,5,0%,1.8
photo numerique,0,5,0%,3.8
photographe ivry sur seine,0,5,0%,13.2
photobooth paris location,0,5,0%,92.2
photobooth paris,0,5,0%,111
photographe e-commerce,0,4,0%,1
studio photo autour de moi,0,4,0%,2
photographie,0,4,0%,4.25
studio photo val de marne,0,4,0%,13.25
photo studio near me,0,3,0%,1.33
photographe identité autour de moi,0,3,0%,2.33
ephoto near me,0,3,0%,3.67
photographe cameraman paris,0,3,0%,8.67
apareille photo,0,3,0%,9.33
photo entreprise,0,3,0%,10.33
photographe mariage prix,0,3,0%,13
photographe gambetta,0,3,0%,35
cameraman mariage oriental,0,3,0%,67.33
prestataire photo video mariage paris,0,3,0%,95
faire photo d'identité autour de moi,0,2,0%,1
استوديو تصوير,0,2,0%,1
photo ants autour de moi,0,2,0%,1.5
photographe identité,0,2,0%,2
studio photo near me,0,2,0%,2
tirage photo mariage,0,2,0%,2
studio photo passeport,0,2,0%,3
séance photo famille,0,2,0%,3.5
photo identité bébé,0,2,0%,4
photographe autour de moi,0,2,0%,4
location studio photo,0,2,0%,4.5
photographe piece d'identité,0,2,0%,5
vitry sur seine studio,0,2,0%,8
wedding studio,0,2,0%,9
photo identité enfant,0,2,0%,11
photographe de mariage,0,2,0%,11
photos,0,2,0%,12
tirage machine,0,2,0%,16
full service photo video paris,0,2,0%,29.5
ã©tudiant photographe pour mariage,0,2,0%,34
photographe vitry le françois,0,2,0%,69.5
riad le vrai,0,2,0%,93.5
photographe caudry,0,2,0%,99
faire des photos d'identité,0,1,0%,1
photgraphe,0,1,0%,1
photo carte d'identité autour de moi,0,1,0%,1
photo headshot,0,1,0%,1
photo identite enfant,0,1,0%,1
photo identite nourrisson,0,1,0%,1
photo numérique,0,1,0%,1
photo print near me,0,1,0%,1
photo professionnelle,0,1,0%,1
photographe d'identité autour de moi,0,1,0%,1
photographe identité bébé,0,1,0%,1
photographe photo d'identité paris,0,1,0%,1
photographe pour photo d'identité passeport,0,1,0%,1
photography,0,1,0%,1
studio photographe,0,1,0%,1
مصور,0,1,0%,1
foto,0,1,0%,2
horaires photographe,0,1,0%,2
ou prendre une photo d'identité,0,1,0%,2
où faire des photos d'identité autour de moi,0,1,0%,2
photo bebe identite,0,1,0%,2
photographe agréé ants,0,1,0%,2
photographe carte d'identité,0,1,0%,2
photographe carte identité,0,1,0%,2
photographe pour enfant,0,1,0%,2
photographie d'identité,0,1,0%,2
studio passport photo near me,0,1,0%,2
studio photo 94,0,1,0%,2
photo d'identite,0,1,0%,3
photographe photos d'identité,0,1,0%,3
photographe reportage,0,1,0%,3
riad photo,0,1,0%,3
laboratoire vitry,0,1,0%,4
photo d identité passeport,0,1,0%,4
photo d'identité bébé à proximité,0,1,0%,4
photographe à proximité,0,1,0%,4
studio photographe autour de moi,0,1,0%,4
studio vitry sur seine,0,1,0%,4
photo identité passeport,0,1,0%,5
photographe photo d'identité,0,1,0%,5
photographe photos identité,0,1,0%,5
photographe studio,0,1,0%,5
photo studio,0,1,0%,6
photographe bebe carte d'identité,0,1,0%,6
photographe professionnel,0,1,0%,6
trouver un photographe,0,1,0%,6
digital passport photo near me,0,1,0%,7
ouverture photographie,0,1,0%,7
seance photo,0,1,0%,7
cabine photo identité,0,1,0%,8
headshots,0,1,0%,8
ou faire des photos d'identité,0,1,0%,8
photo agree,0,1,0%,8
photo d identité,0,1,0%,8
real.estate photography,0,1,0%,8
photo framing,0,1,0%,9
photo id,0,1,0%,9
site photographe,0,1,0%,9
dimitri theuriau photo,0,1,0%,10
shooting photo,0,1,0%,10
tatiana silva mari photo,0,1,0%,10
photo de mariage,0,1,0%,11
photo mariage,0,1,0%,11
photographe carte identité bébé,0,1,0%,11
photographi,0,1,0%,11
real estate photography,0,1,0%,11
retoucher photo,0,1,0%,12
studio vitry,0,1,0%,12
photographe studio val de marne,0,1,0%,13
studio,0,1,0%,13
ou faire photo d'identité,0,1,0%,14
photo identité,0,1,0%,14
photographe pour passeport,0,1,0%,14
location photobooth mariage île de france,0,1,0%,15
tarif videaste mariage paris,0,1,0%,17
parc vitry sur seine,0,1,0%,27
photographe mariage paris,0,1,0%,32
studio polidori,0,1,0%,50
photo portrait ile de france,0,1,0%,51
location photobooth ile de france,0,1,0%,62
studio photo ad,0,1,0%,68
studio shooting ivry,0,1,0%,68
photobooth paris location borne photo pour vos événements mariage soirée,0,1,0%,73
photographe mariage paris 11,0,1,0%,86
parc photo,0,1,0%,88
studio photo ivry sur seine,0,1,0%,88
studio maubeuge photographie,0,1,0%,89
photographe tarare,0,1,0%,94
photo video mariage paris,0,1,0%,97
parc vitry,0,1,0%,114
cabine photobooth paris,0,1,0%,117